Feature,Mean_Absolute_SHAP
Mercury_Hg_mgkg,1.4178295635148013
Cadmium_Cd_mgkg,1.4169207066055591
Arsenic_As_mgkg,1.3225138529140474
Chromium_Cr_mgkg,1.313592220697971
Lead_Pb_mgkg,1.2910316622259148
Distance_to_Industry_km,0.09406321100086461
Temperature_C,0.06580844070603424
Soil_pH,0.06524570885859642
Rainfall_mm,0.05866009117713846
Soil_Moisture_percent,0.05791846574844695
Humidity_percent,0.05739710600211666
Land_Use_Industrial,0.05388189943411894
Land_Use_Mining,0.03654156847652199
Land_Use_Agricultural,0.030047961904494908
Land_Use_Residential,0.030012345979578355
Medium_Air,0.016859500333345726
Medium_Water,0.008864490521735133
Medium_Soil,0.0
Land_Use_Forest,0.0
